id,优先级,模块,问题简述,首次章节,最近章节,文档声称状态,原文关键句
D001,P0,运行时/早期阻塞,早期运行时阻塞问题(P0-1),第八十章,第一百三十六章,状态未知,| P0-1 | （早期运行时阻塞问题） | ❓ 状态未知 |
D002,P0,运行时/早期阻塞,早期运行时阻塞问题(P0-2),第八十章,第一百三十六章,观察中,| P0-2 | （早期运行时阻塞问题） | 🟡 观察中 |
D003,P0,运行时/早期阻塞,早期运行时阻塞问题(P0-3),第八十章,第一百三十六章,状态未知,| P0-3 | （早期运行时阻塞问题） | ❓ 状态未知 |
D004,P0,运行时/早期阻塞,早期运行时阻塞问题(P0-4),第八十章,第一百三十六章,观察中,| P0-4 | （早期运行时阻塞问题） | 🟡 观察中 |
D005,P0,交互/任务两端,交互与任务两端系统性断链(P0-9),第四十一章,第一百三十六章,部分修复(剩余),| P0-9 | 交互与任务两端系统性断链 | ✅ 部分修复（第24-27批） |
D006,P0,工程纪律,工程纪律崩坏(P0-10),第四十一章,第一百三十六章,待处理(部分子问题已修复),| P0-10 | 工程纪律崩坏 | ⏳ 待处理（部分子问题已修复） |
D007,P0,智能外包/知识体系,智能100%外包+知识体系名实不符(P0-11),第四十一章,第一百三十六章,待处理,P0-11（智能外包）等大项分解为可执行的子任务
D008,P0,自学习闭环,自学习闭环未有效降低大模型依赖(依赖度反升97%)(P0-250),第七十四章,第一百三十六章,状态未知,| P0-250 | 自学习闭环未有效降低大模型依赖（依赖度反升97%） | ❓ 状态未知 |
D009,P0,内在模型,框架孕育内在模型(自有灵魂)(P0-251),第七十四章,第一百三十六章,状态未知,| P0-251 | 框架孕育内在模型（自有灵魂） | ❓ 状态未知 |
D010,P0,内在模型,内在模型孕育计划分析文档已生成(P0-252),第一百三十六章,第一百三十六章,待第三方反馈,| P0-252 | 内在模型孕育计划分析文档已生成 | ⏳ 待第三方反馈 |
D011,P0,内在模型,内在模型方案数据前提失实(留存率仅2.4%)(P0-253),第七十四章,第一百三十六章,状态未知,| P0-253 | 内在模型方案数据前提失实（留存率仅2.4%） | ❓ 状态未知 |
D012,P0,LLM留存管道,LLM调用全程留存管道(零号工程)(P0-254),第七十四章,第一百三十六章,状态未知,| P0-254 | LLM调用全程留存管道（零号工程） | ❓ 状态未知 |
D013,P0,依赖度指标,大模型依赖度指标口径错位(P0-262),第七十四章,第一百三十六章,状态未知,| P0-262 | 大模型依赖度指标口径错位 | ❓ 状态未知 |
D014,P0,进化验证空转,进化验证空转是依赖度97%的根因(P0-263),第七十四章,第一百三十六章,状态未知,| P0-263 | 进化验证空转是依赖度97%的根因 | ❓ 状态未知 |
D015,P0,埋点验证,T2埋点需重启框架才能采集真实数据(P0-271),第七十五章,第七十五章,待重启验证,P0-271 ...本批仅代码+单测，未重启 → 重启后应见 calls_*.jsonl 增长
D016,P0,未展开新登记,(新增P0级债务，正文未展开)(P0-272),第七十六章,第一百三十六章,状态未知,| P0-272 | （新增P0级债务） | ❓ 状态未知 |
D017,P0,日志治理,日志清空执行者仍未定位(P0-278→P1),第七十七章,第七十七章,待下次发生时定位,P0-278→P1 | 日志清空执行者仍未定位，但已具备留痕能力 | 下次发生时定位
D018,P0,InfluxDB真实落库,InfluxDB时序库真实落库仍被凭证401硬阻(第79批T3),第一百七十六章,第一百七十六章,待token注入真实环境复跑(移交第80批),数据真实落库且可查询仍被凭证硬阻，移交第80批「外部存储收口」待 token 注入真实环境复跑
D019,P1,测试真实回归,"全量125例失败中B类真实回归16例+C类Cython未编译4例(第79批T4揭示,原报告称37严重低估)",第一百七十五章,第一百七十六章,"待修复(分诊已完成,真实回归未清)",B 真实回归...16 / C 构建依赖（Cython 未编译）4；其余 B 类候选隔离单跑仍失败→确属真实回归
D020,P1,推理相似度,历史推理相似度占位0.5(P1-5),第六十一章,第一百三十六章,状态未知,| P1-5 | 历史推理相似度占位0.5 | ❓ 状态未知 |
D021,P1,PulseInnerWorld上帝类,PulseInnerWorld.py超级上帝类拆分(23145行=brain系统55%)(P1-60),第四十五章,第一百七十五章,未启动(战略高风险专项),P1-60 PulseInnerWorld上帝类拆分：高风险专项，需要单独批次；23145行=brain系统55%，13个>200行方法
D022,P1,未展开新登记,(新增P1级债务，正文未展开)(P1-173),第五十章,第一百三十六章,待处理,| P1-173 | （新增P1级债务） | ⏳ 待处理 |
D023,P1,渠道,ark火山方舟渠道成功率低(P1-247),第七十三章,第一百三十六章,部分修复(状态未更新),P1-247（ark渠道成功率低）虽已部分修复（第58批T2），但状态未更新
D024,P1,自检视,self_inspector方法体定位精确命中率0%(P1-248),第七十三章,第一百三十六章,待处理,| P1-248 | self_inspector方法体定位精确命中率0% | ⏳ 待处理 |
D025,P1,置信度校准,置信度校准机制缺失(P1-255),第七十四章,第一百三十六章,状态未知,| P1-255 | 置信度校准机制缺失 | ❓ 状态未知 |
D026,P1,自我蒸馏,自我蒸馏退化螺旋风险(P1-256),第七十四章,第一百三十六章,状态未知,| P1-256 | 自我蒸馏退化螺旋风险 | ❓ 状态未知 |
D027,P1,数据规模,数据规模严重低估(110MB→4.8GB)(P1-264),第七十四章,第一百三十六章,状态未知,| P1-264 | 数据规模严重低估（110MB→4.8GB） | ❓ 状态未知 |
D028,P1,ONNX资产,已有3套ONNX嵌入模型未被当作资产(P1-265),第七十四章,第一百三十六章,状态未知,| P1-265 | 已有3套ONNX嵌入模型未被当作资产 | ❓ 状态未知 |
D029,P1,隔离区可见性,T2隔离区1274文件沙箱执行后不可见(manifest完整)(P1-273),第七十六章,第七十六章,待真实终端复核,P1-273 | T2隔离区1274文件沙箱执行后不可见（manifest完整） | 真实终端复核
D030,P1,重启生效,T2/T3生成侧改动需重启框架生效(P1-274),第七十六章,第七十六章,待重启验证,P1-274 | T2/T3生成侧改动需重启框架生效 | 重启窗口
D031,P1,补丁验证口径,baseline_errors为文件级口径无法反映方法级修复效果(P1-281),第七十七章,第七十七章,待日志格式改善,P1-281 | baseline_errors是文件级口径，无法反映方法级修复效果 | 改善日志格式后提升
D032,P1,进化循环埋点,进化循环埋点仅部分闭环(P1-292),第七十九章,第八十章,文档称已完成(待代码复核),⇒ 进化循环埋点已生效（P1-292 部分闭环）
D033,P1,未展开新登记,(新增P1级债务，正文未展开)(P1-313),第八十四章,第一百三十六章,状态未知,| P1-313 | （新增P1级债务） | ❓ 状态未知 |
D034,P1,未展开新登记,(新增P1级债务，正文未展开)(P1-327),第八十七章,第一百三十六章,状态未知,| P1-327 | （新增P1级债务） | ❓ 状态未知 |
D035,P1,未展开新登记,(新增P1级债务，正文未展开)(P1-347),第九十四章,第一百三十六章,状态未知,| P1-347 | （新增P1级债务） | ❓ 状态未知 |
D036,P1,未展开新登记,(新增P1级债务，正文未展开)(P1-357),第九十六章续,第一百三十六章,状态未知,| P1-357 | （新增P1级债务） | ❓ 状态未知 |
D037,P1,未展开新登记,(新增P1级债务，正文未展开)(P1-370),第一百章,第一百三十六章,状态未知,| P1-370 | （新增P1级债务） | ❓ 状态未知 |
D038,P1,冷热分离空转,"第69批冷热分离0%生效,_m70_lazy_ids只写不读(第三方P1)",第一百七十五章,第一百七十六章,待重新评估(第80批),冷热分离功能空转：第69批做的冷热分离0%生效！_m70_lazy_ids只写不读
D039,P1,关系图谱膨胀,"semantic_relations占428MB/501MB,同一邻接关系存两遍(第三方P1)",第一百七十五章,第一百七十六章,待治理(第81-85批),关系图谱膨胀89.6%：semantic_relations占428MB，linked_nodes与target集合Jaccard 0.932——同一邻接关系存两遍
D040,P1,L3降级通道形同虚设,"conflict_count不进to_dict,should_downgrade_l3需≥3永不满足(第三方P1宪法)",第一百七十五章,第一百七十五章,待实现,L3降级通道形同虚设：conflict_count不进to_dict，should_downgrade_l3需≥3永不满足——宪法条款写了但没实现
D041,P1,快照数据增长治理,"478MB快照数据持续增长,需冷热分离落地/快照轮转裁剪/节点池上限",第一百七十六章,第一百七十六章,待治理,478MB快照数据增长治理：冷热分离落地/快照轮转裁剪/节点池上限
D042,P1,静默except剩余,全库仍剩490处静默except(第78批仅清理核心4文件105处),第一百七十六章,第一百七十六章,待清理,全库剩余490处静默except：本批仅清理核心4文件105处
D043,P2,并发模型,并发模型混合治理(P2-64),第六十章,第六十三章,排期(第35批后),| P2-64 | 并发模型混合治理 | 中 | 第35批后 |
D044,P2,配置中心,配置中心拆分config.py 3547行(P2-65),第六十章,第六十三章,排期(第35批后),| P2-65 | 配置中心拆分（config.py 3547行） | 中 | 第35批后 |
D045,P2,except_pass,except_pass剩余约294处(P2-79),第六十章,第六十章,分批治理(未完成),| P2-79 | except_pass剩余约294处 | 分批治理（按器官推进） |
D046,P2,LLM依赖度,LLM依赖度系统性降低(P2-102),第六十三章,第六十三章,长期/持续,| P2-102 | LLM依赖度系统性降低 | 长期 | 持续 |
D047,P2,EventTap,EventTap时间窗口过滤(P2-115),第四十章,第四十章,待后续,| P2-115 | EventTap 时间窗口过滤 | 📋 待后续 |
D048,P2,call_graph落盘,call_graph落盘体积控制(P2-117),第四十章,第一百三十章,待评估后实施,P2-117 call_graph落盘体积控制：需评估影响后实施
D049,P2,硬件自适应,硬件自适应动态资源分配5项子任务(P2-124~128/P3-5),第六十章,第六十章,设计已完成待实施,P2-124~128 | 硬件自适应动态资源分配（5项子任务） | P3-5子任务，设计已完成待实施
D050,P2,能力整合路线图,能力整合路线图8项子任务(P2-135~142),第六十章,第六十三章,排期(第35批后),| P2-135~142 | 能力整合路线图（8项子任务） | 中 | 第35批后 |
D051,P2,代码分析服务,独立进程代码分析服务11项子任务(P2-144~154/P3-7),第六十章,第六十三章,设计已完成待实施,P2-144~154 | 独立进程代码分析服务（11项子任务） | 设计已完成待实施
D052,P2,对话超时,对话处理超时优化(P2-155),第四十二章,第四十八章,部分完成(超时降级/队列可视化待后续),| P2-155 | 对话处理超时优化 | 🔄 部分完成（T6进度提示已闭环，超时降级/队列可视化待后续） |
D053,P2,知识质量打分,KnowledgeQualityScorer抽样验证整合(P2-156),第四十一章,第四十一章,待后续批次,| P2-156 | KnowledgeQualityScorer抽样验证整合 | 📋 待后续批次 |
D054,P2,渠道路由,用户对话优先付费渠道(P2-158),第四十二章,第四十四章,待验证(可能已落地),| P2-158 | 用户对话优先付费渠道 | ⏳ 待验证（日志显示...可能已落地） |
D055,P2,渠道监控,大模型渠道并发状态监控(P2-159),第四十二章,第四十四章,待验证,| P2-159 | 大模型渠道并发状态监控 | ⏳ 待验证 |
D056,P2,RESULT双发,上游RESULT双发路径治理(P2-164),第四十五章,第五十章,"取证完成,重构待单开批次",| P2-164 | 上游RESULT双发路径治理 | 🔄 取证完成（第26批T4），重构待单开批次 |
D057,P2,深度思考超时,深度思考超时致长问题无实质回答(P2-170),第四十九章,第五十二章,文档称已完成(待代码复核),✅ 已完成...端到端待重启验证
D058,P2,输出长度,大模型输出长度远低于要求(P2-171),第四十九章,第五十四章,文档称已完成(待代码复核),✅ 已完成...端到端待重启验证
D059,P2,检索重复执行,"on_inference_request检索流程同秒重复2~3次(P2-172,与P2-164同源)",第四十九章,第五十章,待处理,| P2-172 | 内在世界_on_inference_request检索流程重复执行 | ⏳ 待处理...建议合并处理 |
D060,P2,自动化优化,"自动化优化(P2-173,第35批计划项)",第五十一章,第六十三章,排期(第35批),第35批：...P2-173（自动化优化）...
D061,P2,模型自动配置,框架自动管理模型配置阶段2/3(P2-183星轨版),第五十七章,第六十三章,排期(第33-34批),| P2-183（星轨版） | 框架自动管理模型配置（阶段2/3） | 高 | 第33-34批 |
D062,P2,操作指令准入,操作指令准入默认关闭后仍存残余风险与判据缺口(P2-191),第六十一章,第六十六章,待完善(残余风险),T5 操作指令准入评估（P2-191）...实测关闭后仍存残余风险与判据缺口
D063,P2,测试断言形态,源码文本计数型断言需统一改为调用形态计数(P2-195),第六十四章,第一百二十章,待改造,P2-195：源码文本计数型断言（需统一改为调用形态计数）
D064,P2,RUF100承重项,"RUF100门禁承重项210处(P2-201,单开专项批次)",第六十七章,第一百二十三章,待单开专项批次,P2-201：RUF100门禁承重项专项（210处，单开专项批次）
D065,P2,v2探针延迟,T1探针每次进v2前多一次本地检索固定延迟(P2-205),第六十九章,第七十章,待P95评估是否加缓存,P2-205...按P95延迟评估是否加缓存
D066,P2,扫描极限标定,PROBE_SCAN_LIMIT=800为经验值未在1万+节点真实库标定(P2-206),第六十九章,第七十章,待真实快照反标定,P2-206...未在1万+节点真实库标定 | 用真实快照按延迟反标定
D067,P2,端到端验证,T1端到端需重启框架验证0次v2模型调用(P2-209),第六十九章,第七十章,待重启验证,P2-209 | T1端到端需重启框架验证...重启后注入问题取证
D068,P2,自认知接线,evolution_health维度接SafeEvolutionExecutor(P2-214),第七十一章,第七十二章,待实施(T-list),T2（P1）：P2-214 evolution_health维度接SafeEvolutionExecutor
D069,P2,阶段二接入设计,"阶段二结果接入(设计文档354行,未改生产代码)(P2-216)",第七十一章,第七十四章,"文档称已完成(待代码复核,仅设计)",T5（P2）P2-216 阶段二结果接入设计 ✅ 设计文档354行...未改生产代码
D070,P2,自我观察噪声,自我观察噪声排除(引擎自身产物目录)(P2-217),第七十一章,第七十二章,待实施(T-list),T4（P2）：P2-217 自我观察噪声排除（引擎自身产物目录）
D071,P2,器官print,"6个器官未实现print改log(P2-230,自P2-212拆出)",第七十一章v9.10,第七十一章v9.10,待处理,P2-212（6个器官未实现）→ P2-230
D072,P2,配对器信噪比,配对器信噪比优化(目录/扩展名排除白名单)(P2-231),第七十二章,第七十二章,待实施(T-list),T5（P2）：P2-231 配对器信噪比优化...
D073,P2,磁盘枚举标定,磁盘枚举未在10万级文件规模标定(P2-234),第七十二章,第七十二章,后续批次,| P2-234 | 磁盘枚举未在10万级文件规模标定 | 后续批次 |
D074,P2,调度耗时,"每日调度全流程5.4s(P2-235,当前可接受)",第七十二章,第七十二章,后续优化,| P2-235 | 每日调度全流程5.4s（当前每日1次可接受） | 后续优化 |
D075,P2,返回值区分,返回值未区分两类no_consumer(P2-236),第七十二章,第七十二章,后续批次,| P2-236 | 返回值未区分两类no_consumer | 后续批次 |
D076,P2,测试写生产目录,"测试隐式写入生产目录,根因未100%锁定(P2-237)",第七十二章,第七十二章,持续观察,| P2-237 | 测试隐式写入生产目录（已加防御，根因未100%锁定） | 持续观察 |
D077,P2,白名单目录,T2目标依赖任务书外11个目录(P2-244),第七十三章,第七十四章,待第40批确认,| P2-244 | T2 目标依赖任务书之外的11个目录... | 🔄 第40批确认 |
D078,P2,运行态文件白名单,data根下仍有13个运行态文件未纳入白名单(P2-245),第七十三章,第七十四章,后续批次,| P2-245 | data 根下仍有 13 个运行态文件...未纳入白名单 | 后续批次 |
D079,P2,路线图排期,PHASE18阶段二3批路线图待排期(P2-248),第七十四章,第七十四章,排期,| P2-248 | 阶段二 3 批路线图（第40/41/42）待排期 | 排期 |
D080,P2,胃活跃度异常,胃器官活跃度异常高32.6%(P2-249),第七十三章,第七十四章,待排查,- P2-249：胃器官活跃度异常高（32.6%）
D081,P2,内在模型优先级,内在模型优先级与收益倒挂(P2-266),第七十四章,第七十四章,待处理,- P2-266：内在模型优先级与收益倒挂
D082,P2,反馈回填,CallRecorder.record_feedback接口已提供但回填逻辑未接入(P2-267),第七十五章,第七十五章,后续批次,P2-267 ...回填逻辑未接入（消费者：cortex路由/补丁验证器） | 后续批次
D083,P2,tmp非规范脚本,tmp/28+个并发会话遗留非规范前缀脚本未动(P2-269),第七十五章,第七十五章,待裁决,P2-269 ...未动，待裁决 | 待裁决
D084,P2,语义缓存阈值,"语义缓存阈值0.92偏保守,两条验收互斥(P2-275)",第七十六章,第七十六章,"文档称已完成(待代码复核,L2启用前重标定)",P2-275 | 语义缓存阈值0.92偏保守... | L2启用前重标定
D085,P2,unverifiable补丁,62条unverifiable需等baseline判据改善(P2-282),第七十七章,第七十七章,后续批次复查,P2-282 | 62条unverifiable需等baseline判据改善后才能给出有效结论 | 后续批次复查
D086,P2,经验库污染清洗,经验库污染率79.5%(1193条)只做过滤未清洗(P2-283/298),第七十七章,第七十九章,待专项批次清洗,P2-283 ...只做过滤未清洗 | 专项批次清洗；P2-298 ...数据清洗专项
D087,P2,调度接线重启,T2/T3 DailyScheduler接线需重启框架才生效(P2-284),第七十七章,第七十七章,待重启验证,P2-284 ...DailyScheduler接线需重启框架才生效 | 重启窗口
D088,P2,数据多样性,"真实数据diversity仅5.7/15,origin仅2类(P2-287)",第七十八章,第七十八章,待扩大采集场景,P2-287 | 真实数据 diversity 仅 5.7/15（origin 仅 2 类） | 扩大采集场景
D089,P2,语义缓存升L2,语义缓存升L2仅设计文档274行不实施(P2-288),第七十八章,第七十九章,"文档称已完成(待代码复核,仅设计)",T2 语义缓存升L2设计...完成 设计文档274行...仅设计不实施
D090,P2,调度接线重启,T1/T3 DailyScheduler接线需重启框架(P2-289),第七十八章,第七十八章,待重启验证,P2-289 ...DailyScheduler 接线需重启框架生效 | 重启窗口
D091,P2,历史回填,测试污染防护推广中历史回填延后(P2-290),第七十八章,第七十九章,部分完成(历史回填延后),T4 测试污染防护推广...完成（1项延后）...历史回填延后
D092,P2,重启窗口,第44批全部改动需重启框架生效(P2-295),第七十九章,第七十九章,待重启验证,P2-295 | 本批全部改动需重启框架生效 | 重启窗口
D093,P2,写盘守卫,"写盘守卫为黑名单式,新增写盘组件仍会漏(P2-297)",第七十九章,第七十九章,待评估白名单式,P2-297 | 写盘守卫为黑名单式；新增写盘组件仍会漏 | 评估「白名单式」
D094,P2,pulse.log增长,pulse.log实测4.2MB/33094行且持续增长(P2-299),第七十九章,第七十九章,继续观察留痕,P2-299 | logs/pulse.log 实测 4.2MB...持续增长 | 继续观察留痕
D095,P2,tmp测试隔离,旧批次测试持续在tmp创建隔离目录(P2-301/307),第八十章,第八十一章,待与P0修复并行/合并治理,P2-301 | 旧批次测试持续在tmp创建隔离目录...第46批与P0修复并行；P2-307 与P2-301合并
D096,P2,探针集扩充,探针集扩充至≥100对(P2-303),第八十章,第八十一章,待实施,探针集扩充至≥100对（P2-303）+ 硬下限复核（P2-302）
D097,P2,重启验证阈值,重启框架窗口验证T1阈值0.85生效+守卫/埋点复验(P2-304),第八十章,第八十一章,待重启验证,重启框架窗口（P2-304）：验证T1阈值0.85生效 + 第44批守卫/埋点复验
D098,P2,误删脚本覆盖,"抢救误删重建3个tmp脚本(非原文),待找到原脚本覆盖(P2-305)",第八十章,第八十一章,待后续覆盖,P2-305 ...后续找到原脚本可覆盖
D099,P2,执行产物契约,清理执行产物被当作长期硬契约(P2-312),第八十二章,第八十三章,后续批次,P2-312 ...清理执行产物被当作长期硬契约 | 后续批次
D100,P2,后台线程未关,框架停止后后台线程未关闭(P2-314),第八十四章,第八十五章,待处理,- P2-314：框架停止后后台线程未关闭
D101,P2,经验库覆盖率0,"生产经验库raw_summary覆盖率0%,历史未回填且1179条原文永久丢失(P2-315/321)",第八十四章,第八十五章,待回填(原文已永久丢失),P2-315/P2-321 | 生产经验库raw_summary覆盖率0%...1179条污染记录原文已永久丢失
D102,P2,生命周期统一,架构级生命周期管理不统一(P2-316),第八十四章,第八十五章,待治理,- P2-316：架构级-生命周期管理不统一
D103,P2,baseline调参无效,"EVOLUTION_BASELINE_WINDOW_DAYS调参无效,需主动复现探针(P2-322)",第八十五章,第八十五章,待探针复现,P2-322 ...调参无效——需主动复现探针才能真正提升可判定率
D104,P2,能力分散整合,架构级能力分散没有整合(P2-317),第八十四章,第八十五章,待治理,- P2-317：架构级-能力分散没有整合
D105,P2,实施生效缺口,代码实施与生效之间的人工操作缺口(P2-323),第八十六章,第一百零四章,待根治,根因：P2-323（代码实施与生效之间的人工操作缺口）的具体实例
D106,P2,自净机制文档,"经验库自净机制存在但未文档化,数字易被误读(P2-325)",第八十六章,第八十六章,待文档完善,P2-325 ...自净机制...但未文档化 | 文档完善
D107,P2,架构级路由治理,架构级路由治理:请求/数据/信号路由与来源治理不足(P2-330),第八十七章,第九十章,待P0后专项,P2-330 | 架构级路由治理 | ... | P0后专项
D108,P2,待修复项,第49批验收列出的待修复债务(P2-336),第九十一章,第九十一章,待修复,待修复债务：P0×4、P2-329、P2-334、P2-335、P2-336、P2-337（共9项）
D109,P2,待修复项,第49批验收列出的待修复债务(P2-337),第九十一章,第九十一章,待修复,待修复债务：...P2-336、P2-337（共9项）
D110,P2,摸底新登记,"第二轮摸底新发现债务,正文未展开(P2-340)",第九十二章,第九十二章,状态未知(未展开),| 新发现技术债务 | P2-340、P3-338、P3-339、P3-341（共4项） |
D111,P2,摸底新登记,"第三轮摸底新发现债务,正文未展开(P2-342/343)",第九十三章,第九十三章,状态未知(未展开),| 新发现技术债务 | P2-342、P2-343、P3-344...（共5项） |
D112,P2,静默异常治理,静默异常捕获治理(第53批计划项)(P2-348),第九十四章,第九十六章续,待治理(第53批),第53批：静默异常捕获治理...（P2-348、P2-349、P2-358）
D113,P2,print清理,print调试输出清理(第53批计划项)(P2-349),第九十四章,第九十六章续,待清理(第53批),第53批：...print调试输出清理...（P2-348、P2-349、P2-358）
D114,P2,备份目录策略,备份目录清理策略(第53批计划项)(P2-350),第九十四章,第九十四章,待治理(第53批),| 新发现技术债务 | P1-347、P2-348、P2-349、P2-350...（共6项） |
D115,P2,全局变量并发,全局变量并发访问检查(第54批计划项)(P2-353),第九十五章,第九十六章续,待检查(第54批),第54批：死代码价值挖掘（一）+ 全局变量并发访问检查（P2-353、P2-359）
D116,P2,直连写生产库,PulseHormones.py:390与main.py:510直连get_experience_pool()写生产库未经注入隔离(P2-356),第九十六章,第九十九章,待修复,P2-356 ...直连 get_experience_pool() 写生产库（未经注入隔离）
D117,P2,摸底新登记,"第五轮摸底新发现债务,正文未展开(P2-358/359/360)",第九十六章续,第九十六章续,状态未知(未展开),| 新发现技术债务 | P1-357、P2-358、P2-359、P2-360...（共7项） |
D118,P2,chat_service接线,"chat_service架构缺口需详细设计(P2-364,第50批单独立项)",第九十七章,第九十九章,待详细设计,P2-364 chat_service 接线启动 ...架构缺口，需详细设计（第50批单独立项）
D119,P2,face_welcome优化,face_welcome流程改chat_service.py+灰度开关需重启(P2-365),第九十八章,第一百零三章,待重启验证,face_welcome 优化实施（方案A）...改 chat_service.py + 灰度开关（需重启）
D120,P2,partial_fix范围,partial_fix剩余项未按diff区域限定(P2-367),第九十九章,第一百章,待评估,P2-367 | partial_fix的剩余项未按diff区域限定... | 🟡待评估
D121,P2,补丁静态检测,code_optimization无静态检测器致2条补丁不可判定(P2-368),第九十九章,第一百章,待评估,P2-368 | code_optimization无静态检测器 → 该2条补丁不可判定 | 🟡待评估
D122,P2,旧体系评分,旧体系evolution_health有模块就给分(v2替代后消除)(P2-369),第九十九章,第一百章,待观察(v2替代后消除),P2-369 | 旧体系evolution_health有模块就给分 | v2替代后消除 | 🟡待观察
D123,P2,框架改写守卫,P2-370族测试框架改写守卫扩展,第一百零三章,第一百二十五章,待扩展,属 P2-370 族的扩展（第54批已为 test_serp_cleanup_m50 加过框架改写守卫）
D124,P2,测试依赖停机,test_serp_cleanup_m50生产现状断言依赖框架停机(P2-372),第一百零三章,第一百零三章,待解(3例skip),P2-372 ...生产现状断言依赖框架停机...3例 skip
D125,P2,flaky分片测试,分片测试与框架审计并发干扰(复发第2次)(P2-373),第一百零三章,第一百零三章,待根治(重跑即过但复发),P2-373 ...分片测试与框架审计并发干扰（复发第2次）...原样重跑 445 passed
D126,P2,过期检测并存,"两套过期检测并存,启用PatchAutoApprover时处理(P2-382)",第一百零九章,第一百一十章,待后续批次,P2-382 两套过期检测并存 → 后续批次（启用PatchAutoApprover时）
D127,P2,债务总览表过时,"新增债务P2-308~386未更新到总览表,总览表仍为v9.9版本(P2-386)",第一百零九章,第一百三十六章,待更新(状态管理不规范),新增债务（P2-308~P2-386...）没有更新到总览表；总览表是v9.9版本，已严重过时
D128,P2,指标函数复用,"指标函数复用已回填结论(P2-389,T6发现)",第一百二十五章,第一百二十五章,待确认,**P2-389 · 指标函数复用已回填结论（P2，T6 发现）**
D129,P2,双腿搜索冷却,"双腿搜索冷却(P2-402,随渠道优化缓解)",第一百三十章,第一百三十章,观察中,| P2-402 | 双腿搜索冷却 | 🟡 观察中 | 随渠道优化缓解 |
D130,P2,五维共振名不副实,"宣称五维共振实际仅1.5维,space_paths/intent_labels全库零消费(第三方P2)",第一百七十五章,第一百七十五章,待补实现/修正叙事,五维共振名不副实：宣称五维，实际只实现1.5维（space_paths/intent_labels全库零消费）
D131,P2,增量保存名不副实,宣称增量保存实际整读479MB→内存合并→整体重写(第三方P2),第一百七十五章,第一百七十五章,待改造,增量保存名不副实：宣称增量，实际是整读479MB→内存合并→整体重写
D132,P2,继承关系失实,路线图称InfoField继承OscillonField实际继承SilentLogMixin(第三方P2),第一百七十五章,第一百七十五章,待修正文档/代码,OscillonField继承关系失实：路线图说InfoField继承OscillonField，实际继承SilentLogMixin
D133,P2,genetic占位层,"genetic层是占位层:养育=计数器+日志,羁绊硬编码,同意闸门零发射方(第三方P2)",第一百七十五章,第一百七十五章,待实现(能力夸大),genetic层是占位层：养育=计数器+日志，羁绊硬编码，同意闸门零发射方——与真实器官平列构成能力夸大
D134,P2,肺隐喻漂移,"肺实为LLM模型选型调度器,不是呼吸器官(第三方P2)",第一百七十五章,第一百七十五章,待修正叙事/实现,肺的隐喻与实现漂移：肺实为「LLM模型选型调度器」，不是呼吸器官
D135,P2,README数字过期,"README六项数字全部过期(53批vs实际75批,2471vs3311,宣称0失败vs实际125)(第三方P2)",第一百七十五章,第一百七十六章,待文档更新,README六项数字全部过期：53批vs实际75批、2471例vs3311例、宣称0失败vs实际125失败
D136,P3,硬件自适应L3,硬件自适应动态资源分配试点(P3-5),第六十二章,第六十三章,远期规划(第34批可试点),| P3-5 | 硬件自适应动态资源分配（5项子任务） | 中 | 第34批可试点 |
D137,P3,能力整合路线图,能力整合路线图(P3-6),第四十章,第四十章,待后续,| P3-6 | 能力整合路线图 | 📋 待后续 |
D138,P3,代码分析流水线,独立进程代码分析服务+完整闭环流水线(P3-7),第四十章,第六十章,设计完成待实施,P3-7/P3-8子任务，设计已完成待实施
D139,P3,知识质量修复闭环,知识质量自动修复闭环(P3-8),第四十章,第四十三章,待后续,| P3-8 | 知识质量自动修复闭环 | 📋 待后续 |
D140,P3,矛盾人工确认,语义类矛盾待人工确认清单导出(P3-9),第四十一章,第四十一章,待后续批次,| P3-9 | 语义类矛盾待人工确认清单导出 | 📋 待后续批次 |
D141,P3,智能路由评估,"智能路由评估(P3-185,第34批计划)",第五十八章,第六十三章,远期规划(第34批),第34批：...P3-185（智能路由评估）...
D142,P3,ReportConsumers格式,ReportConsumers异常格式ERROR(P3-315),第八十四章,第八十五章,待处理,- P3-315：ReportConsumers异常格式ERROR
D143,P3,摸底新登记,"第二轮摸底新发现P3,正文未展开(P3-338/339/341)",第九十二章,第九十二章,状态未知(未展开),| 新发现技术债务 | P2-340、P3-338、P3-339、P3-341（共4项） |
D144,P3,摸底新登记,"第三轮摸底新发现P3,正文未展开(P3-344/345/346)",第九十三章,第九十三章,状态未知(未展开),| 新发现技术债务 | ...P3-344、P3-345、P3-346（共5项） |
D145,P3,摸底新登记,"第四轮摸底新发现P3,正文未展开(P3-351/352)",第九十四章,第九十四章,状态未知(未展开),| 新发现技术债务 | ...P3-351、P3-352（共6项） |
D146,P3,摸底新登记,"第五轮死代码轮新登记P3,正文未展开(P3-354/355/356)",第九十五章,第九十五章,状态未知(未展开),| 新登记技术债务 | P2-353、P3-354、P3-355、P3-356（共4项） |
D147,P3,摸底新登记,"第五轮nucleus摸底新发现P3,正文未展开(P3-361/362/363)",第九十六章续,第九十六章续,状态未知(未展开),| 新发现技术债务 | ...P3-361、P3-362、P3-363（共7项） |
D148,P3,UI远期需求,"图形化界面设计(待启动)(P3,第一百二十九章)",第一百二十九章,第一百二十九章,远期待启动,远期需求记录 - 图形化界面设计（待启动）
D149,P3,错峰调度长期架构,"重操作错峰调度长期架构(用户提出,临时拉平已做)",第一百三十九章,第一百四十二章,远期(临时拉平阶段1已验收),"重操作错峰调度长期架构思路（用户提出）；临时拉平阶段1已验收,长期架构待做"
D150,P3,quit补丁提示,"quit时补丁确认提示(P3-新,第59批T4)",第一百三十三章,第一百三十六章,待实施,T4: P3-新 quit时补丁确认提示
