﻿文件,规则,命中条数,行号(前6),在HEAD,在远端
docs/git_commit_hash_mapping.md,email_placeholder,2,4;35,True,True
docs/分析报告/archive/T145h_三平台push统一裁决清单与建议_20260930.md,email_real,1,17,True,True
docs/分析报告/archive/烛微_新窗口交接卡_20260929.md,internal_collab,1,169,True,True
docs/分析报告/archive/烛微_第128批技术债务前置分析_20260925.md,email_placeholder,1,47,True,True
docs/分析报告/archive/烛微_第128批技术债务前置分析_20260925.md,email_real,1,12,True,True
docs/分析报告/archive/烛微_第129批技术债务前置分析_20260925.md,email_real,1,14,True,True
docs/分析报告/archive/烛微_第130批技术债务前置分析_20260926.md,email_real,1,15,True,True
docs/分析报告/archive/烛微_第132批技术债务前置分析_20260926.md,idcard,1,55,True,True
docs/分析报告/archive/烛微_第144批前置分析_20260927.md,birthday_marker,1,29,True,True
docs/分析报告/archive/烛微_第144批前置分析_20260927.md,email_placeholder,3,31;38;191,True,True
docs/分析报告/archive/烛微_第149批前置分析_20260928.md,email_placeholder,3,154;158;309,True,True
docs/分析报告/archive/烛微_第150批前置分析_20260928.md,email_placeholder,1,432,True,True
docs/分析报告/archive/烛微_第151批前置分析_20260928.md,email_placeholder,1,493,True,True
docs/分析报告/archive/烛微_第153批前置分析_20260929.md,internal_collab,6,34;35;45;56;75;430,True,True
docs/分析报告/archive/烛微_第154批前置分析_20260930.md,internal_collab,3,95;102;103,True,True
docs/分析报告/archive/烛微_运行日志问题深度分析_20260922.md,email_placeholder,1,167,True,True
docs/分析报告/微光_GitHub推送失败诊断_20261001.md,email_real,2,89;90,True,True
docs/分析报告/微光_GitHub推送失败诊断_20261001.md,phone,1,24,True,True
docs/分析报告/附件/证据/B1_规范层与角色文档清单.txt,internal_collab,1,227,True,True
docs/审查报告/微光巡检/微光三巡_PII清零总预案_20260929.md,birthday_marker,2,68;90,True,True
docs/审查报告/微光巡检/微光三巡_PII清零总预案_20260929.md,email_placeholder,1,58,True,True
docs/审查报告/微光巡检/微光三巡_PII清零总预案_20260929.md,email_real,3,15;32;70,True,True
docs/审查报告/微光巡检/微光三巡_PII清零总预案_20260929.md,internal_collab,3,29;79;93,True,True
docs/审查报告/微光巡检/微光首巡_data体检与文档校准_20260929.md,birthday_marker,2,98;122,True,True
docs/审查报告/微光巡检/微光首巡_data体检与文档校准_20260929.md,email_real,1,225,True,True
docs/审查报告/微光巡检/微光首巡_data体检与文档校准_20260929.md,idcard,1,224,True,True
docs/微光/微光三巡任务书_20260929.md,internal_collab,3,6;20;29,True,True
docs/路灯与星轨对话/交付报告/B156插批_遥测埋点刀_交付报告_20261002.md,email_placeholder,1,110,True,True
docs/路灯与星轨对话/交付报告/archive/第124批_DIFFS_FULL.md,email_real,4,2;102;1352;1635,True,True
docs/路灯与星轨对话/交付报告/archive/第124批_R5落码_DIFF.md,email_real,1,2,True,True
docs/路灯与星轨对话/交付报告/archive/第124批_静默except_DIFF.md,email_real,1,2,True,True
docs/路灯与星轨对话/交付报告/archive/第126批_DIFFS_FULL.md,birthday_marker,1,1379,True,True
docs/路灯与星轨对话/交付报告/archive/第130批_git rebase匿名化操作记录.md,email_placeholder,3,3;11;16,True,True
docs/路灯与星轨对话/交付报告/待分析/第154批_T154-2_内部协作者54件归类清单.md,internal_collab,8,1;12;13;22;28;34,True,True
docs/路灯与星轨对话/交付报告/待分析/第154批_交付报告.md,email_placeholder,1,42,True,True
docs/路灯与星轨对话/交付报告/待分析/第154批_交付报告.md,email_real,1,16,True,True
docs/路灯与星轨对话/交付报告/待分析/第154批_交付报告.md,internal_collab,3,18;23;35,True,True
docs/路灯与星轨对话/交付报告/待分析/第155批_T155-1_账本合母批.md,email_placeholder,1,34,True,True
docs/路灯与星轨对话/交付报告/待分析/第155批_T155-2_红基线xfail化.md,email_placeholder,1,52,True,True
docs/路灯与星轨对话/交付报告/待分析/第155批_T155-4_元流程与死代码批.md,email_placeholder,1,44,True,True
docs/路灯与星轨对话/交付报告/待分析/第155批_T155-R3_并发模型收敛_设计.md,email_placeholder,1,5,True,True
docs/路灯与星轨对话/交付报告/待分析/第155批_余量批_交付报告.md,email_placeholder,1,89,True,True
docs/路灯与星轨对话/交付报告/待分析/第156批_B156-0_交付报告.md,email_placeholder,1,5,True,True
docs/路灯与星轨对话/交付报告/待分析/第156批_B156-10_交付报告.md,email_placeholder,1,5,True,True
docs/路灯与星轨对话/交付报告/待分析/第156批_B156-10_运行核验_决策标注.md,email_placeholder,1,33,True,True
docs/路灯与星轨对话/交付报告/待分析/第156批_B156-1_交付报告.md,email_placeholder,1,5,True,True
docs/路灯与星轨对话/交付报告/待分析/第156批_B156-3_交付报告.md,email_placeholder,1,5,True,True
docs/路灯与星轨对话/交付报告/待分析/第156批_B156-4_交付报告.md,email_placeholder,1,5,True,True
docs/路灯与星轨对话/交付报告/待分析/第156批_B156-5_交付报告.md,email_placeholder,1,5,True,True
docs/路灯与星轨对话/交付报告/待分析/第157批_进度汇报与红基线披露.md,email_placeholder,1,5,True,True
docs/路灯与星轨对话/交付报告/待分析/第158批_C8_门禁接线.md,email_placeholder,1,7,True,True
docs/路灯与星轨对话/交付报告/待分析/第158批_α-2_生成代码预检.md,email_placeholder,1,7,True,True
docs/路灯与星轨对话/交付报告/待分析/第158批_第8刀_N-5_关闭序列拒绝复活重建.md,email_placeholder,1,94,True,True
docs/路灯与星轨对话/交付报告/待分析/第158批_第9刀_N-9_假通过2_补清单与摘除.md,email_placeholder,1,69,True,True
docs/路灯与星轨对话/交付报告/待分析/第158批上A_T审计-2_销案_终裁补充.md,email_placeholder,1,51,True,True
docs/路灯与星轨对话/交付报告/待分析/第158批上A_续刀批次_唯一口径件_审计1_审计4_77.9s.md,email_placeholder,1,95,True,True
docs/路灯与星轨对话/交付报告/待分析/第158批上A_补发批次_O-A1_T审计2_T审计5.md,email_placeholder,1,90,True,True
docs/路灯与星轨对话/交付报告/第141批_DIFFS_FULL.md,email_placeholder,1,8,True,True
docs/路灯与星轨对话/交付报告/第141批_交付报告.md,email_placeholder,1,4,True,True
docs/路灯与星轨对话/交付报告/第142批_DIFFS_FULL.md,email_placeholder,1,2,True,True
docs/路灯与星轨对话/交付报告/第142批_交付报告.md,email_placeholder,1,6,True,True
docs/路灯与星轨对话/交付报告/第142批_门禁结果.md,email_placeholder,1,3,True,True
docs/路灯与星轨对话/交付报告/第143批_DIFFS_FULL.md,email_placeholder,9,55;56;293;294;295;296,True,True
docs/路灯与星轨对话/交付报告/第143批_git历史身份审计报告.md,email_placeholder,7,32;33;34;35;36;62,True,True
docs/路灯与星轨对话/交付报告/第143批_交付报告.md,email_placeholder,1,6,True,True
docs/路灯与星轨对话/交付报告/第143批_任务书偏差清单.md,email_placeholder,3,50;51;78,True,True
docs/路灯与星轨对话/交付报告/第143批_门禁结果.md,email_placeholder,1,4,True,True
docs/路灯与星轨对话/交付报告/第144批_交付报告.md,email_placeholder,2,7;51,True,True
docs/路灯与星轨对话/交付报告/第145批_DIFFS_FULL.md,email_placeholder,1,27,True,True
docs/路灯与星轨对话/交付报告/第147批_收尾1行补丁_DIFF.md,email_placeholder,1,2,True,True
docs/路灯与星轨对话/交付报告/第148批_星轨独立复算.md,email_placeholder,2,211;224,True,True
docs/路灯与星轨对话/交付报告/第151批_交付报告.md,email_placeholder,1,4,True,True
docs/路灯与星轨对话/交付报告/第152批_DIFFS_FULL.md,internal_collab,3,47;53;59,True,True
docs/路灯与星轨对话/交付报告/第152批_交付报告.md,internal_collab,1,59,True,True
docs/路灯与星轨对话/任务书/archive/第130批_W7三件式独窗+git push匿名化_任务书.md,email_placeholder,2,74;83,True,True
docs/路灯与星轨对话/任务书/archive/第131批_P0事故修复+批5静默+git push_任务书.md,email_placeholder,1,70,True,True
docs/路灯与星轨对话/任务书/第144批_gitignore补全+硬编码路径修复_任务书.md,email_placeholder,1,61,True,True
docs/路灯与星轨对话/任务书/第152批_死配置清理+对外包清洗_任务书.md,internal_collab,1,37,True,True
docs/路灯与星轨对话/任务书/第153批_W153α处置+死代码清理+器官测试_任务书.md,internal_collab,4,53;58;65;210,True,True
docs/路灯与星轨对话/任务书/第154批_任务书_20260929_正式版.md,birthday_marker,1,45,True,True
docs/路灯与星轨对话/任务书/第154批_任务书_20260929_正式版.md,email_placeholder,2,43;106,True,True
docs/路灯与星轨对话/任务书/第154批_任务书_20260929_正式版.md,email_real,3,36;37;105,True,True
docs/路灯与星轨对话/任务书/第154批_任务书_20260929_正式版.md,idcard,1,38,True,True
docs/路灯与星轨对话/任务书/第154批_任务书_20260929_正式版.md,internal_collab,1,54,True,True
docs/路灯与星轨对话/任务书/第154批_任务书_20260929_草稿.md,internal_collab,1,35,True,True
