ID,提出方,提出批次,摘要,P级,状态,到期批次,裁决批次,裁决内容
Q91-2,路灯,第91批,是否在 PatchManager 验证侧补一道结构化关,P1,已结案,92,第92批,确认采纳（T-92c 基础缩进相等结构关）
Q91-4,路灯,第91批,关2 报错文案不含异常类名,P1,已结案,92,第92批,确认采纳（T-92a 加异常类名可区分）
Q91-5,路灯,第91批,补丁应用后 AST 结构不变量校验（类方法数不得减少）,P2,已结案,92,第92批,确认采纳（T-92d 默认关闭）
Q91-6,路灯,第91批,ENABLE_NONORGAN_FILE_RESOLVE 仍未写入 config.py,P1,已结案,92,第92批,确认采纳（T-92b 登记 marker）
Q92-1,路灯,第92批,T-92a 一并改 _verify_in_copy 第3步（超任务书字面）,P1,已结案,92,第92批,确认采纳
Q92-2,路灯,第92批,T-92c/d 两个新开关登记进 config.py,P1,已结案,92,第92批,确认采纳
Q92-3,路灯,第92批,apply_all_pending 写盘点是否也需结构关,P2,已结案,93,第93批,确认采纳（T-93a 复用第92批判据）
Q92-4,路灯,第92批,T-92c 严格相等是否过严,P2,已结案,93,第93批,先观察一批
Q93-1,路灯,第93批,T-93a 写盘点关是否保留（真实链路不可达）,P2,已结案,94,第94批,确认保留（纵深防御）
Q93-2,路灯,第93批,D93-2 裸 ast.parse 补 filename,P2,已结案,94,第94批,确认
Q93-3,路灯,第93批,T-93c tokens 打通,P1,已结案,94,第94批,单独立批（T-94b）
Q93-4,路灯,第93批,T-93d 三方案裁决顺序,P1,已结案,94,第94批,确认 C→A→B（T-94c）
Q93-5,路灯,第93批,T-93b 待审批队列老化策略,P0,已结案,94,第94批,立项（T-94a P0 直击 28.6% 主因）
Q93-6,路灯,第93批,三个零调用点常量,P2,已结案,95,第95批,补埋点不删除
P0-2,星轨,第148批,补丁系统结论修正（实际有效，0条假通过）是否认可,P0,已结案,148,第?批,认可：代码级复现证据充分（60条补丁全部 original+modified 且两两不同，假通过0）
D148-v2score,星轨,第148批,v2 质量分 45.77 是否认可（旧89.89）,P0,已结案,148,第?批,认可：v2 五维度全部可证伪，旧体系虚高机制被推翻
D148-v2parallel,星轨,第148批,v2 是否按并行运行3~5批再决定替代旧体系,P0,已结案,148,第?批,认可：并行运行观察稳定性后再决定
D148-t3contract,星轨,第148批,T3 变更非测试环境可写契约（普通脚本默认只读）是否认可,P0,已结案,148,第?批,认可：普通脚本默认只读更安全，框架主进程 PULSE_FRAMEWORK=1 保持可写
D148-skipped16,星轨,第148批,本批 skipped 16 个（基线13+新增3框架改写守卫）是否接受,P2,已结案,148,第?批,接受：新增3例为合理测试保护，非质量下降
D88-1,星轨,第88批,相似度阈值 0.5 过紧是否降到 0.3,P1,已结案,89,第88批,同意降到 0.3
D88-2,星轨,第88批,method=空 167条日志类问题是否另立批次定位能力,P1,已结案,89,第88批,另立批次设计日志→方法/代码位点定位能力
D88-3,星轨,第88批,ENABLE_M88_MATERIAL_FROM_RESOLVED_FILE 默认开启是否同意,P2,已结案,89,第88批,同意
P2-162,星轨,第148批,tmp/ 基础设施无备份/无版本控制（145批已立案 P2-166 并止血，待销号）,P2,已结案,150,154,销账-已止血（P2-166已立案），维持tmp不入库纪律
P2-269,星轨,第148批,tmp/ 有 28+ 并发会话遗留非规范前缀脚本（analyze_*/record_*/deep_*）,P2,已结案,150,154,采纳-P2 tmp非规范脚本清理批次，154批T154-8顺带
P2-290,星轨,第148批,历史污染数据（146条测试桩）仍在留存文件中,P2,已结案,150,154,采纳-P2 146条测试桩归档清洗（与M13合并），154批T154-1
P2-366,星轨,第148批,落盘丢消费标记是否第52批修,P2,已结案,150,154,重排-并入数据一致性治理（与D148-t1fix同族）
D148-orgtest,星轨,第148批,器官单元测试（覆盖率9.1%）是否单独立项专项批次,P2,已结案,150,154,重排-与S5测试推进合并评估（153批契约harness为基础）
D148-t1fix,星轨,第148批,T1 修复（dispatch 先于落盘）+ 灰度开关是否认可,P1,已结案,150,154,采纳-P1 认可dispatch先于落盘修复+灰度开关保留
P2-370,星轨,第148批,框架覆盖停机期清洗标记是否第53批修,P2,已结案,150,154,重排-并入D-A2压缩方案（154批T154-9），清洗标记口径统一
P2-371,星轨,第148批,胃的 3 处健壮性缺陷优先级,P2,已结案,150,154,采纳-P2 胃3处健壮性缺陷，154批后接（非P0不阻断）
P2-388,星轨,第57批,死代码61条待人工裁决（建议第57批T5第一批前15条）,P2,已结案,150,154,采纳-P2 开死代码治理批次（与331/350/398合并一次裁完61条）
D148-mech,星轨,第148批,是否改为机制性改造，或调整修复率目标,P2,已结案,150,154,采纳-P2 机制性改造方向（与微光M10本地规则门禁合并）
P2-177,星轨,第30批,同类日志级别子串判定残留6处（建议第30批T2）,P2,已结案,150,154,采纳-P2 日志级别判定统一（154批顺带）
P2-178,星轨,第30批,P2级风格类问题757个未批量治理（建议单开低优先批次）,P2,已结案,150,154,重排-单开低优先风格批次（ruff/风格757个）
P2-179,星轨,第30批,健康诊断代码问题口径不一致（建议第30批T3统一）,P2,已结案,150,154,采纳-P2 健康诊断口径统一（154批顺带）
P2-180,星轨,第30批,本地推理路径输出长度未优化（_deep_think/multi_step 也需，建议第30批T1）,P2,已结案,150,154,重排-与D148-q67队列优化合并
P2-184,星轨,第148批,多步推理步骤检索成功率低（实测3/4失败）+检索词退化,P2,已结案,150,154,重排-提P1评估（功能级缺陷：检索成功率3/4失败）
P2-187,星轨,第72批,T5 未按任务书字面执行（保留77处自测print）★请裁决（见72.5）,P2,已结案,150,154,采纳-接受现状（自测print不碍运行），归P2-178风格批次清理
P2-233,星轨,第72批,T5 未按任务书字面执行（硬编码旧渠道名/旧并发值）★请裁决（见72.5）,P2,已结案,150,154,采纳-P2 硬编码改config引用（与T154-7同族），154批修
P2-331,星轨,第49批,check_decay 死代码（已登记，建议第49批修复）,P2,已结案,150,154,采纳-并入死代码治理批次（check_decay）
P2-350,星轨,第148批,死代码功能丢失（纯情感快速通道/错误承认与修正/演化预测）需评估是否恢复,P2,已结案,150,154,采纳-死代码批次内评估三功能恢复或确认废弃
D148-tpl,星轨,第51批,361条干净记录中部分摘要仍是模板形式（请裁决，建议第51批）,P2,已结案,150,154,重排-与M13归档清洗合并，P2挂起
P2-383,星轨,第148批,裁决2：T4 是否恢复磁盘有但内存没有的整条记录,P2,已结案,150,154,采纳-P2 恢复磁盘有内存无的整条记录（数据一致性）
P2-398,星轨,第58批,死代码扫描器盲区（3条误判，建议第58批）,P2,已结案,150,154,采纳-修死代码扫描器3条误判（死代码批次）
D148-spec58,星轨,第58批,优先级 P2，建议第58批处理,P2,已结案,150,154,重排-并入数据面/工程面治理批次，P2
D148-t47,星轨,第148批,是否开专项批次排查第47批止血未生效（污染率62.72%→89.65%）,P1,已结案,150,154,采纳-P1 专项排查第47批止血未生效（污染率62.72->89.65根因）
D148-m45,星轨,第148批,m45 两份产物是否恢复（重跑 calibrate 可能因语料变化）,P1,已结案,150,154,采纳-P1 恢复m45两份产物+一致性校验
D148-t3cls,星轨,第148批,是否开专项批次修分类判据+清理闭环（当前仅标记不清理）,P1,已结案,150,154,采纳-P1 补分类判据->标记->清理->复扫闭环
D148-q67,星轨,第67批,队列深度持续过高（2000+）建议第67批快照性能优化+队列降频+胃批量消化,P1,已结案,150,154,采纳-P1 快照性能优化+队列降频+胃批量消化
D148-liver81,星轨,第81批,P0-4 肝 _fuse_l2_to_l3 真实调用失败型测试缺失（建议第81批补）,P0,已结案,150,154,采纳-P0 肝_fuse_l2_to_l3补真实调用失败型测试（非mock）
D148-xiaolin,小林,第148批,待小林拍板：新CSV是否正式取代旧台账；D008/D009/D011/D014是否降级重排；三项物理删除,P0,已结案,150,154,销账-小林拍板：新CSV正式取代旧台账/D008-D014降级P2/三项物理删除
D148-incr,小林,第148批,增量路径单独立项（小林拍板：当前不动手，风险收益不划算）,P2,已结案,150,154,销账-小林拍板：增量路径不动手（风险收益不划算）
D148-sig84,星轨,第84批,T-c1(3) 信号分层（建议第84批立项）,P2,已结案,150,154,重排-P2挂起（第84批立项建议维持）
D148-desig,小林,第148批,设计文件暂缓决策（小林拍板）,P2,已结案,150,154,销账-小林拍板：设计文件暂缓
D148-debt60,星轨,第60批,技术债务状态全面核对、建立规范状态管理流程（建议第60批）,P2,已结案,150,154,采纳-P2 与总账/台账演进合并，固化状态管理流程
D148-t1fill,星轨,第148批,T1 回填率1.8%未达80%是否接受现状/是否提P0查清日志清理来源,P0,已结案,150,154,采纳-P0 提P0查因（与微光M11合并：验证层空转是主因，非日志清理）
D148-t2iso,星轨,第148批,T2 隔离区文件不可见（丢失0.16MB无用垃圾）是否接受等效已清理,P2,已结案,150,154,销账-等效已清理成立（隔离区0.16MB垃圾非数据损失）
Q149-1,烛微,第149批,首发阻断B1：包内测试fixture文件以unicode转义隐藏属主真实姓名/真实用户名路径（tests/test_export_public_m143.py:99/:155/:159）,P0,已结案,150,154,采纳-P0 PII清零：fixture去转义真名/路径占位，154批T154-5
Q149-2,烛微,第149批,首发阻断B2：真名闸门无检出力（independent_rescan_148.py未含真名规则；owner_pii.json属主真名规则0条）；须对含真名测试包返回非0退出码,P0,已结案,150,154,采纳-P0 扫描器补真名规则（7规则），154批
Q149-3,烛微,第149批,首发阻断B3：属主出生年月日具体值以通用模式写入包内规则2处（tools/export_public.py:176、tools/ci/independent_rescan_148.py:30）,P1,已结案,150,154,采纳-P1 属主生日规则改占位符，154批
Q149-4,烛微,第149批,首发阻断B4：CONTRIBUTING要求贡献者0 failed但存在红测试（quality_score_v2权重和1.050，test_25 FAIL）；CHANGELOG引用待核对,P1,已结案,150,154,采纳-P1 修quality_score权重和/改CONTRIBUTING口径，与T154-10合并
Q149-5,小曾,第149批,OpenI镜像账号名（呈手机号形式）处置：新仓发布前是否授权将gitee/openi两旧仓私有并清镜像账号,P0,已结案,150,154,销账-小林拍板：保持开源不转私有
Q149-6,星轨,第149批,首发SOP是否采纳烛微15步版（含...refs清理前bundle备份、包落于HEAD核验、干净树30分钟活体、发布后push --all/--mirror）,P1,已结案,150,154,采纳-P1 烛微15步SOP固化（bundle备份/HEAD核验/活体/push--all）
Q149-7,烛微,第149批,check_pending_register校验是否加两条硬校验（提出批次非空率须100%、状态待裁决不得缺到期批次）：现25/57行提出批次空、待裁决到期批次空仍报OK,P2,已结案,150,154,采纳-P2 校验器加两条硬断言（提出批次非空100%/待裁决必带到期批次）
Q149-8,星轨,第149批,docs/工具类文档（内部审计报告，含correlation_id与内部日志片段）是否继续留在发布包ALLOW_DIRS中：不属PII但属内部实现细节外发,P2,已结案,150,154,采纳-P2 内部审计文档移出发布包ALLOW_DIRS
Q149-9,小曾,第149批,拈提原文/提交规格至今未纳入（全结0弼中，距10-16放射）：是否由业主向主办方索取，否则比赛checklist第?项无法表达且首发?,P2,已结案,150,154,采纳-P2 小林向主办方索取拈提原文（外部依赖，获取前挂起）
Q149-10,星轨,第149批,任务书口误修正归档：原10条前提中4条不成立；30分钟活体实为240秒；15条前提100%回填实为32/47=68.1%；3件计文件实为7件且无出处,P2,已结案,150,154,采纳-P2 任务书口误修正归档（活体240秒/回填68.1%/计件7件）
Q149-11,烛微,第149批,.gitattributes首行BOM+全文件CRLF致每次edit操作刷非法属性名警告（去BOM对照实测...text=auto仍生效）——是否发布前处理,P2,已结案,150,154,采纳-P2 去BOM修gitattributes（text=auto仍生效）
Q155-1,第三方复核,第155批,红基线劣化：T155-1时点全量实跑111红/46文件（151批基线41条），确定性新红≥54（含stomach kwargs 6、静默except五消息4、验证回路t105a等）——需单开"红基线止血批"逐条裁决（修码/修测试），并建分片稳定门禁,P0,已结案,156,155,采纳-P0 单开红基线止血批（≥54确定性新红逐条裁决修码/修测试+建分片稳定门禁），纳入156批
Q155-2,第三方复核,第155批,SSRF出站守卫fail-closed拦截测试伪主机https://x（t105d 3+wiki403 1=4条）——安全特性vs陈旧测试，建议更新测试而非放松守卫,P1,已结案,156,155,采纳-P1 更新SSRF测试伪主机（t105d/wiki403共4条），不放松守卫
Q155-3,第三方复核,第155批,RUF100旧锚210失效（ruff 0.16.5实测666：生产185/tests 428/tools 53）——需锁工具版本后重锚,P2,已结案,156,155,采纳-P2 锁ruff版本后重锚RUF100（现666为准，生产185/tests428/tools53）
Q155-4,第三方复核,第155批,总纲应显式标注nucleus/telemetry/phase18_signals.py为"前置遥测件"（避免下次盘点把埋点误读为身体层已落地）——PHASE18封存文档补强,P2,已结案,156,155,采纳-P2 总纲标注phase18_signals为前置遥测件
Q155-5,第三方复核,第155批,T155-2提交后当前HEAD红数需重测统一口径（第三方111 vs 路灯run3 178口径不同；T155-2已xfail 38条IW+补6处import）——活体窗后复测并校准red_baseline_155.json,P1,已结案,156,155,采纳-P1 活体窗后复测HEAD红数并校准red_baseline_155.json（统一口径）
Q155-6,路灯,第155批,T155-3核验遗留：InfluxDB未启用（ENABLE_INFLUXDB_TIMESERIES=False+TOKEN空）——是否开开关+注入token真实落库（需单独施工批）,P2,已结案,156,155,暂缓-P2 InfluxDB启用延后（未落地设计项不阻塞push，token注入涉凭据配置，建议PHASE19或数据面批后单列）
Q155-7,路灯,第155批,T155-3核验遗留：ANN大规模IVFFlat重建（nlist≈110@12k节点）窗口内未触发——是否延长活体窗/主动触发语义检索复测,P2,已结案,156,155,采纳-P2 ANN大规模IVFFlat复测并入156批（主动触发语义检索后复测）
T-工具面-1,星轨,第155批,工具面断链：ToolRegistry 工具选择引擎生产零调用（机制齐全无消费方，曈曈无法经注册表选工具）,P1,已排期,157,,用户已拍板修复，待断链审查合并定稿
T-工具面-2,星轨,第155批,工具面断链：ScriptExecutor 脚本引擎生产零执行调用（script_library 空目录，自主脚本无处安放执行）,P1,已排期,157,,用户已拍板修复，待断链审查合并定稿
T-工具面-3,星轨,第155批,皮层自主创造工具仅存内存 _created_tools 无持久化（重启即失，无法跨重启复用）,P2,已排期,157,,用户已拍板修复，待断链审查合并定稿
T-断链审查-1,星轨,第155批,全框架断链审查（机制齐全但生产零调用）双轨并行任务：交付断链清单与接线方案,P1,已排期,157,,烛微微光并行，结果互读交叉核验
T-报告契约-1,星轨,第155批,报告消费契约审计：388份报告按性质分类（事件驱动/存档/观测），真空转找正确消费方接线、存档型标注、口径修正,P1,已结案,157,,小林拍板·微光重分析（空转修复批前置）
T-报告契约-2,星轨,第155批,report_bus 加消费契约校验（发射方声明期望消费类别+订阅方声明+无订阅告警），防未来空转积攒,P2,已排期,157,,小林拍板·与断链零增量门禁同族
T-报告契约-3,星轨,第155批,消费器终端接线：alerts.jsonl/todo.jsonl（258条行为建议）全仓零读取，增health_ui端点或器官订阅/或明确人工交付定位,P1,已排期,157,,小林拍板·二阶真空转（消费落地真实度债）
